{
    "AGAEX": "https://www.allangray.co.za/globalassets/documents-repository/fund/factsheet/Allan%20Gray%20Africa%20ex-SA%20Equity%20Fund%20(USD)%20(Class%20A)/Latest/Allan%20Gray%20Africa%20ex-SA%20Equity%20Fund%20(USD)%20(Class%20A)%20Latest.pdf",
    "SMEF": "https://www.allangray.co.za/globalassets/documents-repository/fund/factsheet/Allan%20Gray%20Australia%20Equity%20Fund%20(AUD)/Latest/Allan%20Gray%20Australia%20Equity%20Fund%20(AUD)%20Latest.pdf",
    "SMSF": "https://www.allangray.co.za/globalassets/documents-repository/fund/factsheet/Allan%20Gray%20Australia%20Opportunity%20Fund%20(AUD)/Latest/Allan%20Gray%20Australia%20Opportunity%20Fund%20(AUD)%20Latest.pdf",
    "AGEF": "https://www.allangray.co.za/globalassets/documents-repository/fund/factsheet/Allan%20Gray%20Equity%20Fund/Latest/Allan%20Gray%20Equity%20Fund%20Latest.pdf",
    "AGDA": "https://www.allangray.co.za/globalassets/documents-repository/fund/factsheet/Allan%20Gray%20SA%20Equity%20Fund/Latest/Allan%20Gray%20SA%20Equity%20Fund%20Latest.pdf",
    "AGBF": "https://www.allangray.co.za/globalassets/documents-repository/fund/factsheet/Allan%20Gray%20Balanced%20Fund/Latest/Allan%20Gray%20Balanced%20Fund%20Latest.pdf",
    "AGTBA": "https://www.allangray.co.za/globalassets/documents-repository/fund/factsheet/Allan%20Gray%20Tax-Free%20Balanced%20Fund/Latest/Allan%20Gray%20Tax-Free%20Balanced%20Fund%20Latest.pdf",
    "AGSF": "https://www.allangray.co.za/globalassets/documents-repository/fund/factsheet/Allan%20Gray%20Stable%20Fund/Latest/Allan%20Gray%20Stable%20Fund%20Latest.pdf",
    "AGOF": "https://www.allangray.co.za/globalassets/documents-repository/fund/factsheet/Allan%20Gray%20Optimal%20Fund/Latest/Allan%20Gray%20Optimal%20Fund%20Latest.pdf",
    "AGBD": "https://www.allangray.co.za/globalassets/documents-repository/fund/factsheet/Allan%20Gray%20Bond%20Fund/Latest/Allan%20Gray%20Bond%20Fund%20Latest.pdf",
    "AGMF": "https://www.allangray.co.za/globalassets/documents-repository/fund/factsheet/Allan%20Gray%20Interest%20Bearing%20Fund/Latest/Allan%20Gray%20Interest%20Bearing%20Fund%20Latest.pdf",
    "AGOE": "https://www.allangray.co.za/globalassets/documents-repository/fund/factsheet/Allan%20Gray%20-%20Orbis%20Global%20Equity%20Feeder%20Fund/Latest/Allan%20Gray%20-%20Orbis%20Global%20Equity%20Feeder%20Fund%20Latest.pdf",
    "AGGF": "https://www.allangray.co.za/globalassets/documents-repository/fund/factsheet/Allan%20Gray%20-%20Orbis%20Global%20Fund%20of%20Funds/Latest/Allan%20Gray%20-%20Orbis%20Global%20Fund%20of%20Funds%20Latest.pdf",
    "AGOO": "https://www.allangray.co.za/globalassets/documents-repository/fund/factsheet/Allan%20Gray%20-%20Orbis%20Global%20Optimal%20Fund%20of%20Funds/Latest/Allan%20Gray%20-%20Orbis%20Global%20Optimal%20Fund%20of%20Funds%20Latest.pdf",
    "27SA1": "https://www.allangray.co.za/globalassets/documents-repository/fund/factsheet/27four%20Shari'ah%20Balanced%20Prescient%20Fund%20of%20Funds%20(Class%20A1)/Latest/27four%20Shari'ah%20Balanced%20Prescient%20Fund%20of%20Funds%20(Class%20A1)%20Latest.pdf",
    "MNTR": "https://www.allangray.co.za/globalassets/documents-repository/fund/factsheet/36ONE%20MET%20Equity%20Fund%20(Class%20A)/Latest/36ONE%20MET%20Equity%20Fund%20(Class%20A)%20Latest.pdf",
    "ARUSD": "https://www.allangray.co.za/globalassets/documents-repository/fund/factsheet/Ashburton%20Replica%20Dollar%20Asset%20Management%20Fund%20(USD)%20(Class%20D)/Latest/Ashburton%20Replica%20Dollar%20Asset%20Management%20Fund%20(USD)%20(Class%20D)%20Latest.pdf",
    "AREUD": "https://www.allangray.co.za/globalassets/documents-repository/fund/factsheet/Ashburton%20Replica%20Euro%20Asset%20Management%20Fund%20(EUR)%20(Class%20D)/Latest/Ashburton%20Replica%20Euro%20Asset%20Management%20Fund%20(EUR)%20(Class%20D)%20Latest.pdf",
    "ARGBD": "https://www.allangray.co.za/globalassets/documents-repository/fund/factsheet/Ashburton%20Replica%20Sterling%20Asset%20Management%20Fund%20(GBP)%20(Class%20D)/Latest/Ashburton%20Replica%20Sterling%20Asset%20Management%20Fund%20(GBP)%20(Class%20D)%20Latest.pdf",
    "CGREF": "https://www.allangray.co.za/globalassets/documents-repository/fund/factsheet/Catalyst%20Global%20Real%20Estate%20UCITS%20Fund%20(Class%20A)/Latest/Catalyst%20Global%20Real%20Estate%20UCITS%20Fund%20(Class%20A)%20Latest.pdf",
    "COBA": "https://www.allangray.co.za/globalassets/documents-repository/fund/factsheet/Coronation%20Balanced%20Defensive%20Fund%20(Class%20A)/Latest/Coronation%20Balanced%20Defensive%20Fund%20(Class%20A)%20Latest.pdf",
    "CORB": "https://www.allangray.co.za/globalassets/documents-repository/fund/factsheet/Coronation%20Balanced%20Plus%20Fund%20(Class%20A)/Latest/Coronation%20Balanced%20Plus%20Fund%20(Class%20A)%20Latest.pdf",
    "CCPF": "https://www.allangray.co.za/globalassets/documents-repository/fund/factsheet/Coronation%20Capital%20Plus%20Fund%20(Class%20A)/Latest/Coronation%20Capital%20Plus%20Fund%20(Class%20A)%20Latest.pdf",
    "COLA": "https://www.allangray.co.za/globalassets/documents-repository/fund/factsheet/Coronation%20Global%20Capital%20Plus%20[ZAR]%20Feeder%20Fund%20(Class%20A)/Latest/Coronation%20Global%20Capital%20Plus%20[ZAR]%20Feeder%20Fund%20(Class%20A)%20Latest.pdf",
    "CGCG": "https://www.allangray.co.za/globalassets/documents-repository/fund/factsheet/Coronation%20Global%20Capital%20Plus%20Fund%20(GBP%20Hedged)%20(Class%20G)/Latest/Coronation%20Global%20Capital%20Plus%20Fund%20(GBP%20Hedged)%20(Class%20G)%20Latest.pdf",
    "CGEB": "https://www.allangray.co.za/globalassets/documents-repository/fund/factsheet/Coronation%20Global%20Emerging%20Markets%20Fund%20(Class%20B)/Latest/Coronation%20Global%20Emerging%20Markets%20Fund%20(Class%20B)%20Latest.pdf",
    "CGCUH": "https://www.allangray.co.za/globalassets/documents-repository/fund/factsheet/Coronation%20Global%20Capital%20Plus%20Fund%20(USD%20Hedged)%20(Class%20F)/Latest/Coronation%20Global%20Capital%20Plus%20Fund%20(USD%20Hedged)%20(Class%20F)%20Latest.pdf",
    "CGEM": "https://www.allangray.co.za/globalassets/documents-repository/fund/factsheet/Coronation%20Global%20Emerging%20Markets%20Flexible%20[ZAR]%20Fund%20(Class%20A)/Latest/Coronation%20Global%20Emerging%20Markets%20Flexible%20[ZAR]%20Fund%20(Class%20A)%20Latest.pdf",
    "CGESP": "https://www.allangray.co.za/globalassets/documents-repository/fund/factsheet/Coronation%20Global%20Equity%20Select%20Fund%20(Class%20P)/Latest/Coronation%20Global%20Equity%20Select%20Fund%20(Class%20P)%20Latest.pdf",
    "CGMA": "https://www.allangray.co.za/globalassets/documents-repository/fund/factsheet/Coronation%20Global%20Managed%20Fund%20(USD)%20(Class%20A)/Latest/Coronation%20Global%20Managed%20Fund%20(USD)%20(Class%20A)%20Latest.pdf",
    "COGM": "https://www.allangray.co.za/globalassets/documents-repository/fund/factsheet/Coronation%20Global%20Managed%20[ZAR]%20Feeder%20Fund%20(Class%20A)/Latest/Coronation%20Global%20Managed%20[ZAR]%20Feeder%20Fund%20(Class%20A)%20Latest.pdf",
    "CGOE": "https://www.allangray.co.za/globalassets/documents-repository/fund/factsheet/Coronation%20Global%20Opportunities%20Equity%20Fund%20(USD)%20(Class%20A)/Latest/Coronation%20Global%20Opportunities%20Equity%20Fund%20(USD)%20(Class%20A)%20Latest.pdf",
    "CGSU": "https://www.allangray.co.za/globalassets/documents-repository/fund/factsheet/Coronation%20Global%20Strategic%20Income%20Fund%20(USD)%20(Class%20A)/Latest/Coronation%20Global%20Strategic%20Income%20Fund%20(USD)%20(Class%20A)%20Latest.pdf",
    "CNOG": "https://www.allangray.co.za/globalassets/documents-repository/fund/factsheet/Coronation%20Optimum%20Growth%20Fund%20(Class%20A)/Latest/Coronation%20Optimum%20Growth%20Fund%20(Class%20A)%20Latest.pdf",
    "CSIF": "https://www.allangray.co.za/globalassets/documents-repository/fund/factsheet/Coronation%20Strategic%20Income%20Fund%20(Class%20A)/Latest/Coronation%20Strategic%20Income%20Fund%20(Class%20A)%20Latest.pdf",
    "CNTF": "https://www.allangray.co.za/globalassets/documents-repository/fund/factsheet/Coronation%20Top%2020%20Fund%20(Class%20A)/Latest/Coronation%20Top%2020%20Fund%20(Class%20A)%20Latest.pdf",
    "CNIG": "https://www.allangray.co.za/globalassets/documents-repository/fund/factsheet/Coronation%20Global%20Opportunities%20Equity%20[ZAR]%20Feeder%20Fund%20(Class%20A)/Latest/Coronation%20Global%20Opportunities%20Equity%20[ZAR]%20Feeder%20Fund%20(Class%20A)%20Latest.pdf",
    "DCGSF": "https://www.allangray.co.za/globalassets/documents-repository/fund/factsheet/Dodge%20~and~%20Cox%20Worldwide%20Global%20Stock%20Fund%20(USD)/Latest/Dodge%20~and~%20Cox%20Worldwide%20Global%20Stock%20Fund%20(USD)%20Latest.pdf",
    "YEUG": "https://www.allangray.co.za/globalassets/documents-repository/fund/factsheet/Fidelity%20Funds%20European%20Growth%20Fund%20(EUR)%20(Class%20Y)/Latest/Fidelity%20Funds%20European%20Growth%20Fund%20(EUR)%20(Class%20Y)%20Latest.pdf",
    "YEMM": "https://www.allangray.co.za/globalassets/documents-repository/fund/factsheet/Fidelity%20Funds%20Emerging%20Markets%20Fund%20(USD)%20(Class%20Y)/Latest/Fidelity%20Funds%20Emerging%20Markets%20Fund%20(USD)%20(Class%20Y)%20Latest.pdf",
    "YWLDY": "https://www.allangray.co.za/globalassets/documents-repository/fund/factsheet/Fidelity%20Funds%20World%20Fund%20(USD)%20(Class%20Y)/Latest/Fidelity%20Funds%20World%20Fund%20(USD)%20(Class%20Y)%20Latest.pdf",
    "FBCB2": "https://www.allangray.co.za/globalassets/documents-repository/fund/factsheet/Foord%20Balanced%20Fund%20(Class%20B2)/Latest/Foord%20Balanced%20Fund%20(Class%20B2)%20Latest.pdf",
    "FOCB4": "https://www.allangray.co.za/globalassets/documents-repository/fund/factsheet/Foord%20Balanced%20Fund%20(Class%20B4)/Latest/Foord%20Balanced%20Fund%20(Class%20B4)%20Latest.pdf",
    "FCFB2": "https://www.allangray.co.za/globalassets/documents-repository/fund/factsheet/Foord%20Conservative%20Fund%20(Class%20B2)/Latest/Foord%20Conservative%20Fund%20(Class%20B2)%20Latest.pdf",
    "FECB2": "https://www.allangray.co.za/globalassets/documents-repository/fund/factsheet/Foord%20Equity%20Fund%20(Class%20B2)/Latest/Foord%20Equity%20Fund%20(Class%20B2)%20Latest.pdf",
    "FECB4": "https://www.allangray.co.za/globalassets/documents-repository/fund/factsheet/Foord%20Equity%20Fund%20(Class%20B4)/Latest/Foord%20Equity%20Fund%20(Class%20B4)%20Latest.pdf",
    "FFCB2": "https://www.allangray.co.za/globalassets/documents-repository/fund/factsheet/Foord%20Flexible%20Fund%20of%20Funds%20(Class%20B2)/Latest/Foord%20Flexible%20Fund%20of%20Funds%20(Class%20B2)%20Latest.pdf",
    "FUFB4": "https://www.allangray.co.za/globalassets/documents-repository/fund/factsheet/Foord%20Flexible%20Fund%20of%20Funds%20%20(Class%20B4)/Latest/Foord%20Flexible%20Fund%20of%20Funds%20%20(Class%20B4)%20Latest.pdf",
    "FGEFS": "https://www.allangray.co.za/globalassets/documents-repository/fund/factsheet/Foord%20Global%20Equity%20Fund%20(Class%20B1)/Latest/Foord%20Global%20Equity%20Fund%20(Class%20B1)%20Latest.pdf",
    "FIFB2": "https://www.allangray.co.za/globalassets/documents-repository/fund/factsheet/Foord%20International%20Feeder%20Fund%20(Class%20B2)/Latest/Foord%20International%20Feeder%20Fund%20(Class%20B2)%20Latest.pdf",
    "FIFL": "https://www.allangray.co.za/globalassets/documents-repository/fund/factsheet/Foord%20International%20Fund%20(Class%20R1)/Latest/Foord%20International%20Fund%20(Class%20R1)%20Latest.pdf",
    "FAGC": "https://www.allangray.co.za/globalassets/documents-repository/fund/factsheet/FTIF%20Templeton%20Asian%20Growth%20Fund%20(USD)%20(Class%20W)/Latest/FTIF%20Templeton%20Asian%20Growth%20Fund%20(USD)%20(Class%20W)%20Latest.pdf",
    "FEMC": "https://www.allangray.co.za/globalassets/documents-repository/fund/factsheet/FTIF%20Templeton%20Emerging%20Markets%20Fund%20(USD)%20(Class%20W)/Latest/FTIF%20Templeton%20Emerging%20Markets%20Fund%20(USD)%20(Class%20W)%20Latest.pdf",
    "FTGB": "https://www.allangray.co.za/globalassets/documents-repository/fund/factsheet/FTIF%20Templeton%20Global%20Balanced%20Fund%20(USD)%20(Class%20W)/Latest/FTIF%20Templeton%20Global%20Balanced%20Fund%20(USD)%20(Class%20W)%20Latest.pdf",
    "FUOF": "https://www.allangray.co.za/globalassets/documents-repository/fund/factsheet/FTIF%20Franklin%20US%20Opportunities%20Fund%20(USD)%20(Class%20W)/Latest/FTIF%20Franklin%20US%20Opportunities%20Fund%20(USD)%20(Class%20W)%20Latest.pdf",
    "GGBI": "https://www.allangray.co.za/globalassets/documents-repository/fund/factsheet/GinsGlobal%20Global%20Bond%20Index%20Fund/Latest/GinsGlobal%20Global%20Bond%20Index%20Fund%20Latest.pdf",
    "GGEI": "https://www.allangray.co.za/globalassets/documents-repository/fund/factsheet/GinsGlobal%20Global%20Equity%20Index%20Fund/Latest/GinsGlobal%20Global%20Equity%20Index%20Fund%20Latest.pdf",
    "CMFH": "https://www.allangray.co.za/globalassets/documents-repository/fund/factsheet/Investec%20Cautious%20Managed%20Fund%20(Class%20H)/Latest/Investec%20Cautious%20Managed%20Fund%20(Class%20H)%20Latest.pdf",
    "IDICH": "https://www.allangray.co.za/globalassets/documents-repository/fund/factsheet/Investec%20Diversified%20Income%20Fund%20(Class%20H)/Latest/Investec%20Diversified%20Income%20Fund%20(Class%20H)%20Latest.pdf",
    "EQTH": "https://www.allangray.co.za/globalassets/documents-repository/fund/factsheet/Investec%20Equity%20Fund%20(Class%20H)/Latest/Investec%20Equity%20Fund%20(Class%20H)%20Latest.pdf",
    "EQTE": "https://www.allangray.co.za/globalassets/documents-repository/fund/factsheet/Investec%20Equity%20Fund%20(Class%20H)/Latest/Investec%20Equity%20Fund%20(Class%20H)%20Latest.pdf",
    "GLOH": "https://www.allangray.co.za/globalassets/documents-repository/fund/factsheet/Investec%20Global%20Franchise%20Feeder%20Fund%20(Class%20H)/Latest/Investec%20Global%20Franchise%20Feeder%20Fund%20(Class%20H)%20Latest.pdf",
    "IFRC": "https://www.allangray.co.za/globalassets/documents-repository/fund/factsheet/Investec%20Global%20Franchise%20Fund%20(USD)%20(Class%20I)/Latest/Investec%20Global%20Franchise%20Fund%20(USD)%20(Class%20I)%20Latest.pdf",
    "ISEC": "https://www.allangray.co.za/globalassets/documents-repository/fund/factsheet/Investec%20Global%20Strategic%20Equity%20Fund%20(USD)%20(Class%20I)/Latest/Investec%20Global%20Strategic%20Equity%20Fund%20(USD)%20(Class%20I)%20Latest.pdf",
    "ISMC": "https://www.allangray.co.za/globalassets/documents-repository/fund/factsheet/Investec%20Global%20Strategic%20Managed%20Fund%20(USD)%20(Class%20I)/Latest/Investec%20Global%20Strategic%20Managed%20Fund%20(USD)%20(Class%20I)%20Latest.pdf",
    "GBFH": "https://www.allangray.co.za/globalassets/documents-repository/fund/factsheet/Investec%20Global%20Strategic%20Managed%20Feeder%20Fund%20(Class%20H)/Latest/Investec%20Global%20Strategic%20Managed%20Feeder%20Fund%20(Class%20H)%20Latest.pdf",
    "MANH": "https://www.allangray.co.za/globalassets/documents-repository/fund/factsheet/Investec%20Managed%20Fund%20(Class%20H)/Latest/Investec%20Managed%20Fund%20(Class%20H)%20Latest.pdf",
    "OPPE": "https://www.allangray.co.za/globalassets/documents-repository/fund/factsheet/Investec%20Opportunity%20Fund%20(Class%20E)/Latest/Investec%20Opportunity%20Fund%20(Class%20E)%20Latest.pdf",
    "IGBM": "https://www.allangray.co.za/globalassets/documents-repository/fund/factsheet/Investec%20Sterling%20Money%20Fund%20(GBP)%20(Class%20A)/Latest/Investec%20Sterling%20Money%20Fund%20(GBP)%20(Class%20A)%20Latest.pdf",
    "IUSM": "https://www.allangray.co.za/globalassets/documents-repository/fund/factsheet/Investec%20US%20Dollar%20Money%20Fund%20(USD)%20(Class%20A)/Latest/Investec%20US%20Dollar%20Money%20Fund%20(USD)%20(Class%20A)%20Latest.pdf",
    "VALH": "https://www.allangray.co.za/globalassets/documents-repository/fund/factsheet/Investec%20Value%20Fund%20(Class%20H)/Latest/Investec%20Value%20Fund%20(Class%20H)%20Latest.pdf",
    "VALE": "https://www.allangray.co.za/globalassets/documents-repository/fund/factsheet/Investec%20Value%20Fund%20(Class%20H)/Latest/Investec%20Value%20Fund%20(Class%20H)%20Latest.pdf",
    "KAIB": "https://www.allangray.co.za/globalassets/documents-repository/fund/factsheet/Kagiso%20Islamic%20Balanced%20Fund%20(Class%20A)/Latest/Kagiso%20Islamic%20Balanced%20Fund%20(Class%20A)%20Latest.pdf",
    "KAIE": "https://www.allangray.co.za/globalassets/documents-repository/fund/factsheet/Kagiso%20Islamic%20Equity%20Fund%20(Class%20A)/Latest/Kagiso%20Islamic%20Equity%20Fund%20(Class%20A)%20Latest.pdf",
    "MGRF": "https://www.allangray.co.za/globalassets/documents-repository/fund/factsheet/M~and~G%20Recovery%20Fund%20(GBP)%20(Class%20I)/Latest/M~and~G%20Recovery%20Fund%20(GBP)%20(Class%20I)%20Latest.pdf",
    "HLMK": "https://www.allangray.co.za/globalassets/documents-repository/fund/factsheet/Marriott%20Dividend%20Growth%20Fund%20(Class%20R)/Latest/Marriott%20Dividend%20Growth%20Fund%20(Class%20R)%20Latest.pdf",
    "MIRE": "https://www.allangray.co.za/globalassets/documents-repository/fund/factsheet/Marriott%20International%20Real%20Estate%20Fund%20(USD)%20(Class%20A)/Latest/Marriott%20International%20Real%20Estate%20Fund%20(USD)%20(Class%20A)%20Latest.pdf",
    "NIFA": "https://www.allangray.co.za/globalassets/documents-repository/fund/factsheet/Nedgroup%20Investments%20Flexible%20Income%20Fund%20(Class%20A2)/Latest/Nedgroup%20Investments%20Flexible%20Income%20Fund%20(Class%20A2)%20Latest.pdf",
    "NEGC": "https://www.allangray.co.za/globalassets/documents-repository/fund/factsheet/Nedgroup%20Investments%20Global%20Cautious%20Feeder%20Fund%20(Class%20B2)/Latest/Nedgroup%20Investments%20Global%20Cautious%20Feeder%20Fund%20(Class%20B2)%20Latest.pdf",
    "NIGCF": "https://www.allangray.co.za/globalassets/documents-repository/fund/factsheet/Nedgroup%20Investments%20Global%20Cautious%20Fund%20(Class%20A)%20(USD)/Latest/Nedgroup%20Investments%20Global%20Cautious%20Fund%20(Class%20A)%20(USD)%20Latest.pdf",
    "BOEB": "https://www.allangray.co.za/globalassets/documents-repository/fund/factsheet/Nedgroup%20Investments%20Global%20Flexible%20Feeder%20Fund%20(Class%20R)/Latest/Nedgroup%20Investments%20Global%20Flexible%20Feeder%20Fund%20(Class%20R)%20Latest.pdf",
    "NGBF": "https://www.allangray.co.za/globalassets/documents-repository/fund/factsheet/Nedgroup%20Investments%20Global%20Flexible%20Fund%20(USD)%20(Class%20A)/Latest/Nedgroup%20Investments%20Global%20Flexible%20Fund%20(USD)%20(Class%20A)%20Latest.pdf",
    "AHGV": "https://www.allangray.co.za/globalassets/documents-repository/fund/factsheet/Nedgroup%20Investments%20Global%20Equity%20Feeder%20Fund%20(Class%20A)/Latest/Nedgroup%20Investments%20Global%20Equity%20Feeder%20Fund%20(Class%20A)%20Latest.pdf",
    "NIGE": "https://www.allangray.co.za/globalassets/documents-repository/fund/factsheet/Nedgroup%20Investments%20Global%20Equity%20Fund%20(USD)%20(Class%20A)/Latest/Nedgroup%20Investments%20Global%20Equity%20Fund%20(USD)%20(Class%20A)%20Latest.pdf",
    "NIOB": "https://www.allangray.co.za/globalassets/documents-repository/fund/factsheet/Nedgroup%20Investments%20Opportunity%20Fund%20(Class%20B2)/Latest/Nedgroup%20Investments%20Opportunity%20Fund%20(Class%20B2)%20Latest.pdf",
    "NIPCA": "https://www.allangray.co.za/globalassets/documents-repository/fund/factsheet/Nedgroup%20Investments%20Property%20Fund%20(Class%20A)/Latest/Nedgroup%20Investments%20Property%20Fund%20(Class%20A)%20Latest.pdf",
    "NISCC": "https://www.allangray.co.za/globalassets/documents-repository/fund/factsheet/Nedgroup%20Investments%20Stable%20Fund%20(Class%20C)/Latest/Nedgroup%20Investments%20Stable%20Fund%20(Class%20C)%20Latest.pdf",
    "NIDCB": "https://www.allangray.co.za/globalassets/documents-repository/fund/factsheet/Nedgroup%20Investments%20Core%20Diversified%20Fund%20(Class%20B)/Latest/Nedgroup%20Investments%20Core%20Diversified%20Fund%20(Class%20B)%20Latest.pdf",
    "NICCB": "https://www.allangray.co.za/globalassets/documents-repository/fund/factsheet/Nedgroup%20Investments%20Core%20Guarded%20Fund%20(Class%20B)/Latest/Nedgroup%20Investments%20Core%20Guarded%20Fund%20(Class%20B)%20Latest.pdf",
    "OMGB1": "https://www.allangray.co.za/globalassets/documents-repository/fund/factsheet/Old%20Mutual%20Global%20Equity%20Fund%20(Class%20B1)/Latest/Old%20Mutual%20Global%20Equity%20Fund%20(Class%20B1)%20Latest.pdf",
    "OGEF": "https://www.allangray.co.za/globalassets/documents-repository/fund/factsheet/Orbis%20Global%20Equity%20Fund%20(USD)/Latest/Orbis%20Global%20Equity%20Fund%20(USD)%20Latest.pdf",
    "XJEF": "https://www.allangray.co.za/globalassets/documents-repository/fund/factsheet/Orbis%20SICAV%20Asia%20Ex-Japan%20Equity%20Fund%20(USD)/Latest/Orbis%20SICAV%20Asia%20Ex-Japan%20Equity%20Fund%20(USD)%20Latest.pdf",
    "OJEU": "https://www.allangray.co.za/globalassets/documents-repository/fund/factsheet/Orbis%20SICAV%20Japan%20Equity%20Fund%20(EUR)/Latest/Orbis%20SICAV%20Japan%20Equity%20Fund%20(EUR)%20Latest.pdf",
    "OJEF": "https://www.allangray.co.za/globalassets/documents-repository/fund/factsheet/Orbis%20SICAV%20Global%20Balanced%20Fund%20(USD)/Latest/Orbis%20SICAV%20Global%20Balanced%20Fund%20(USD)%20Latest.pdf",
    "GBSAI": "https://www.allangray.co.za/globalassets/documents-repository/fund/factsheet/Orbis%20SICAV%20Global%20Balanced%20Fund%20(USD)/Latest/Orbis%20SICAV%20Global%20Balanced%20Fund%20(USD)%20Latest.pdf",
    "OSAE": "https://www.allangray.co.za/globalassets/documents-repository/fund/factsheet/Orbis%20Optimal%20SA%20Fund%20(EUR)/Latest/Orbis%20Optimal%20SA%20Fund%20(EUR)%20Latest.pdf",
    "OSAD": "https://www.allangray.co.za/globalassets/documents-repository/fund/factsheet/Orbis%20Optimal%20SA%20Fund%20(USD)/Latest/Orbis%20Optimal%20SA%20Fund%20(USD)%20Latest.pdf",
    "PIPF": "https://www.allangray.co.za/globalassets/documents-repository/fund/factsheet/Prescient%20Income%20Provider%20Fund%20(Class%20A1)/Latest/Prescient%20Income%20Provider%20Fund%20(Class%20A1)%20Latest.pdf",
    "PRBCX": "https://www.allangray.co.za/globalassets/documents-repository/fund/factsheet/Prudential%20Balanced%20Fund%20(Class%20X)/Latest/Prudential%20Balanced%20Fund%20(Class%20X)%20Latest.pdf",
    "PRUM": "https://www.allangray.co.za/globalassets/documents-repository/fund/factsheet/Prudential%20Dividend%20Maximiser%20Fund%20(Class%20A)/Latest/Prudential%20Dividend%20Maximiser%20Fund%20(Class%20A)%20Latest.pdf",
    "PEPI": "https://www.allangray.co.za/globalassets/documents-repository/fund/factsheet/Prudential%20Enhanced%20SA%20Property%20Tracker%20Fund%20(Class%20A)/Latest/Prudential%20Enhanced%20SA%20Property%20Tracker%20Fund%20(Class%20A)%20Latest.pdf",
    "PRUO": "https://www.allangray.co.za/globalassets/documents-repository/fund/factsheet/Prudential%20Equity%20Fund%20(Class%20A)/Latest/Prudential%20Equity%20Fund%20(Class%20A)%20Latest.pdf",
    "PIPCX": "https://www.allangray.co.za/globalassets/documents-repository/fund/factsheet/Prudential%20Inflation%20Plus%20Fund%20(Class%20X)/Latest/Prudential%20Inflation%20Plus%20Fund%20(Class%20X)%20Latest.pdf",
    "PBFE": "https://www.allangray.co.za/globalassets/documents-repository/fund/factsheet/PSG%20Balanced%20Fund%20(Class%20E)/Latest/PSG%20Balanced%20Fund%20(Class%20E)%20Latest.pdf",
    "PSGO": "https://www.allangray.co.za/globalassets/documents-repository/fund/factsheet/PSG%20Flexible%20Fund%20(Class%20A)/Latest/PSG%20Flexible%20Fund%20(Class%20A)%20Latest.pdf",
    "PRGFD": "https://www.allangray.co.za/globalassets/documents-repository/fund/factsheet/Prescient%20RECM%20Global%20Feeder%20Fund%20(Class%20D)/Latest/Prescient%20RECM%20Global%20Feeder%20Fund%20(Class%20D)%20Latest.pdf",
    "REGC": "https://www.allangray.co.za/globalassets/documents-repository/fund/factsheet/RECM%20Global%20Fund%20(USD)%20(Class%20D)/Latest/RECM%20Global%20Fund%20(USD)%20(Class%20D)%20Latest.pdf",
    "RPFCC": "https://www.allangray.co.za/globalassets/documents-repository/fund/factsheet/Rezco%20Managed%20Plus%20Fund%20(Class%20C)/Latest/Rezco%20Managed%20Plus%20Fund%20(Class%20C)%20Latest.pdf",
    "RVTCC": "https://www.allangray.co.za/globalassets/documents-repository/fund/factsheet/Rezco%20Value%20Trend%20Fund%20(Class%20C)/Latest/Rezco%20Value%20Trend%20Fund%20(Class%20C)%20Latest.pdf",
    "SBUC": "https://www.allangray.co.za/globalassets/documents-repository/fund/factsheet/Sarasin%20IE%20GlobalSar%20-%20Dynamic%20(USD)%20(Class%20P)/Latest/Sarasin%20IE%20GlobalSar%20-%20Dynamic%20(USD)%20(Class%20P)%20Latest.pdf",
    "SBGC": "https://www.allangray.co.za/globalassets/documents-repository/fund/factsheet/Sarasin%20IE%20GlobalSar%20-%20Dynamic%20(GBP)%20(Class%20P)/Latest/Sarasin%20IE%20GlobalSar%20-%20Dynamic%20(GBP)%20(Class%20P)%20Latest.pdf",
    "SREC": "https://www.allangray.co.za/globalassets/documents-repository/fund/factsheet/Sarasin%20IE%20Real%20Estate%20Equity%20%20-%20Global%20(GBP)%20(Class%20P)/Latest/Sarasin%20IE%20Real%20Estate%20Equity%20%20-%20Global%20(GBP)%20(Class%20P)%20Latest.pdf",
    "SLIB2": "https://www.allangray.co.za/globalassets/documents-repository/fund/factsheet/Satrix%20ALSI%20Index%20Fund%20(Class%20B2)/Latest/Satrix%20ALSI%20Index%20Fund%20(Class%20B2)%20Latest.pdf",
    "SWEB2": "https://www.allangray.co.za/globalassets/documents-repository/fund/factsheet/Satrix%20MSCI%20World%20Equity%20Index%20Feeder%20Fund%20(Class%20B2)/Latest/Satrix%20MSCI%20World%20Equity%20Index%20Feeder%20Fund%20(Class%20B2)%20Latest.pdf",
    "SBCF": "https://www.allangray.co.za/globalassets/documents-repository/fund/factsheet/Stanlib%20Global%20Balanced%20Cautious%20Fund%20(USD)%20(Acc)/Latest/Stanlib%20Global%20Balanced%20Cautious%20Fund%20(USD)%20(Acc)%20Latest.pdf",
    "SGOB": "https://www.allangray.co.za/globalassets/documents-repository/fund/factsheet/Stanlib%20Global%20Bond%20Fund%20(USD)%20(Acc)/Latest/Stanlib%20Global%20Bond%20Fund%20(USD)%20(Acc)%20Latest.pdf",
    "TRFCC": "https://www.allangray.co.za/globalassets/documents-repository/fund/factsheet/Truffle%20MET%20Flexible%20Fund%20(Class%20C)/Latest/Truffle%20MET%20Flexible%20Fund%20(Class%20C)%20Latest.pdf",
    "VVEF": "https://www.allangray.co.za/globalassets/documents-repository/fund/factsheet/Vulcan%20Value%20Equity%20Fund%20(USD)%20(Class%20II)/Latest/Vulcan%20Value%20Equity%20Fund%20(USD)%20(Class%20II)%20Latest.pdf"
}