{"classifier":{"classFeatures":{"":{"0":10,"1":4,"2":11,"3":9,"4":9,"5":6,"6":5,"7":8,"8":5,"9":4,"10":4,"11":7,"12":7,"13":5,"14":5,"15":4,"16":4,"17":6,"18":6,"19":7,"20":2,"21":3,"22":8,"23":3,"24":4,"25":3,"26":3,"27":3,"28":3,"29":4,"30":6,"31":9,"32":2,"33":6,"34":3,"35":2,"36":2,"37":7,"38":3,"39":7,"40":3,"41":7,"42":6,"43":3,"44":3,"45":3,"46":3,"47":3,"48":3,"49":4,"50":3,"51":3,"52":3,"53":3,"54":4,"55":4,"56":2,"57":3,"58":2,"59":2}},"classTotals":{"":74},"totalExamples":74,"smoothing":1},"docs":[{"label":"","text":["applic","individu","investor","allan","grai","unit","trust"]},{"label":"","text":["applic","individu","investor","allan","grai","invest","platform"]},{"label":"","text":["applic","legal","entiti","allan","grai","unit","trust"]},{"label":"","text":["applic","legal","entiti","allan","grai","invest","platform"]},{"label":"","text":["act","behalf","investor"]},{"label":"","text":["addit","contribut"]},{"label":"","text":["debit","order"]},{"label":"","text":["phase"]},{"label":"","text":["switch"]},{"label":"","text":["withdraw"]},{"label":"","text":["intern","transfer","instruct"]},{"label":"","text":["secur","cession","notic"]},{"label":"","text":["unit","transfer","allan","grai","invest","platform"]},{"label":"","text":["joint","address","declar"]},{"label":"","text":["rebal","instruct"]},{"label":"","text":["term","condit","allan","grai","unit","trust"]},{"label":"","text":["term","condit","allan","grai","invest","platform"]},{"label":"","text":["local","fund","list"]},{"label":"","text":["characterist","object"]},{"label":"","text":["applic"]},{"label":"","text":["act","behalf","investor"]},{"label":"","text":["addit","contribut"]},{"label":"","text":["debit","order"]},{"label":"","text":["switch"]},{"label":"","text":["rebal","instruct"]},{"label":"","text":["phase"]},{"label":"","text":["withdraw"]},{"label":"","text":["retir","notif"]},{"label":"","text":["chang","nomin","detail","beneficiari"]},{"label":"","text":["request","approv","earli","retir"]},{"label":"","text":["annual","fee","renew","instruct"]},{"label":"","text":["condit","membership"]},{"label":"","text":["understand","death","claim","process","retir","fund"]},{"label":"","text":["annual","fee","renew","instruct"]},{"label":"","text":["chang","detail","beneficiari","allan","grai","tax","free","invest"]},{"label":"","text":["tax","free","invest","withdraw","instruct"]},{"label":"","text":["act","behalf","investor"]},{"label":"","text":["chang","investor","detail"]},{"label":"","text":["tax","free","invest","unit","trust","list"]},{"label":"","text":["term","condit"]},{"label":"","text":["applic"]},{"label":"","text":["act","behalf","investor"]},{"label":"","text":["addit","contribut"]},{"label":"","text":["withdraw"]},{"label":"","text":["switch"]},{"label":"","text":["phase"]},{"label":"","text":["chang","detail","beneficiari"]},{"label":"","text":["term","condit"]},{"label":"","text":["phase"]},{"label":"","text":["applic"]},{"label":"","text":["act","behalf","investor"]},{"label":"","text":["switch"]},{"label":"","text":["rebal","instruct"]},{"label":"","text":["withdraw"]},{"label":"","text":["retir","notif"]},{"label":"","text":["chang","nomin","detail","beneficiari"]},{"label":"","text":["request","approv","earli","retir"]},{"label":"","text":["condit","membership","pension","preserv","fund"]},{"label":"","text":["condit","membership","provid","preserv","fund"]},{"label":"","text":["understand","death","claim","process","retir","fund"]},{"label":"","text":["applic","individu","investor"]},{"label":"","text":["applic","legal","entiti"]},{"label":"","text":["act","behalf","investor"]},{"label":"","text":["addit","contribut"]},{"label":"","text":["debit","order"]},{"label":"","text":["withdraw"]},{"label":"","text":["switch"]},{"label":"","text":["phase"]},{"label":"","text":["outright","cession"]},{"label":"","text":["secur","cession","notic"]},{"label":"","text":["chang","detail","beneficiari"]},{"label":"","text":["joint","address","declar"]},{"label":"","text":["term","condit"]}],"features":{"applic":9,"individu":3,"investor":10,"allan":8,"grai":8,"unit":5,"trust":4,"invest":7,"platform":4,"legal":3,"entiti":3,"act":6,"behalf":6,"addit":4,"contribut":4,"debit":3,"order":3,"phase":5,"switch":5,"withdraw":6,"intern":1,"transfer":2,"instruct":7,"secur":2,"cession":3,"notic":2,"joint":2,"address":2,"declar":2,"rebal":3,"term":5,"condit":8,"local":1,"fund":5,"list":2,"characterist":1,"object":1,"retir":6,"notif":2,"chang":6,"nomin":2,"detail":6,"beneficiari":5,"request":2,"approv":2,"earli":2,"annual":2,"fee":2,"renew":2,"membership":3,"understand":2,"death":2,"claim":2,"process":2,"tax":3,"free":3,"pension":1,"preserv":2,"provid":1,"outright":1},"stemmer":{},"lastAdded":73,"events":{"domain":null,"_events":{},"_eventsCount":0}}