{"classifier":{"classFeatures":{"AGAEX":{"1":2,"2":2,"3":2,"4":2,"5":2,"6":2,"7":2},"SMEF":{"1":2,"2":2,"6":2,"7":2,"8":2},"SMSF":{"1":2,"2":2,"7":2,"8":2,"9":2},"AGEF":{"1":2,"2":2,"6":2,"7":2},"AGDA":{"1":2,"2":2,"5":2,"6":2,"7":2},"AGBF":{"1":2,"2":2,"7":2,"10":2},"AGTBA":{"1":2,"2":2,"7":2,"10":2,"11":2,"12":2},"AGSF":{"1":2,"2":2,"7":2,"13":2},"AGOF":{"1":2,"2":2,"7":2,"14":2},"AGBD":{"1":2,"2":2,"7":2,"15":2},"AGMF":{"1":2,"2":2,"7":2,"16":2,"17":2},"AGOE":{"1":2,"2":2,"6":2,"7":2,"18":2,"19":2,"20":2},"AGGF":{"1":2,"2":2,"7":2,"18":2,"19":2},"AGOO":{"1":2,"2":2,"7":2,"14":2,"18":2,"19":2},"27SA1":{"7":2,"10":2,"21":2,"22":2,"23":2,"24":2},"MNTR":{"6":2,"7":2,"25":2,"26":2},"ARUSD":{"7":2,"27":2,"28":2,"29":2,"30":2,"31":2},"AREUD":{"7":2,"27":2,"28":2,"30":2,"31":2,"32":2},"ARGBD":{"7":2,"27":2,"28":2,"30":2,"31":2,"33":2},"CGREF":{"7":2,"19":2,"34":2,"35":2,"36":2,"37":2},"COBA":{"7":2,"10":2,"38":2,"39":2},"CORB":{"7":2,"10":2,"38":2,"40":2},"CCPF":{"7":2,"38":2,"40":2,"41":2},"COLA":{"7":2,"19":2,"20":2,"38":2,"40":2,"41":2,"42":2},"CGCG":{"7":2,"19":2,"38":2,"40":2,"41":2},"CGEB":{"7":2,"17":2,"19":2,"38":2,"43":2},"CGCUH":{"7":2,"19":2,"38":2,"40":2,"41":2},"CGEM":{"7":2,"17":2,"19":2,"38":2,"42":2,"43":2,"44":2},"CGESP":{"6":2,"7":2,"19":2,"38":2,"45":2},"CGMA":{"7":2,"19":2,"31":2,"38":2},"COGM":{"7":2,"19":2,"20":2,"31":2,"38":2,"42":2},"CGOE":{"6":2,"7":2,"9":2,"19":2,"38":2},"CGSU":{"7":2,"19":2,"38":2,"46":2,"47":2},"CNOG":{"7":2,"38":2,"48":2,"49":2},"CSIF":{"7":2,"38":2,"46":2,"47":2},"CNTF":{"0":2,"7":2,"38":2,"50":2},"CNIG":{"6":2,"7":2,"9":2,"19":2,"20":2,"38":2,"42":2},"DCGSF":{"7":2,"19":2,"51":2,"52":2,"53":2,"54":2},"YEUG":{"7":2,"49":2,"55":2,"56":2},"YEMM":{"7":2,"17":2,"43":2,"55":2},"YWLDY":{"7":2,"55":2,"57":2},"FBCB2":{"7":2,"10":2,"58":2,"59":2,"60":2},"FOCB4":{"7":2,"10":2,"58":2,"59":2,"61":2},"FCFB2":{"7":2,"58":2,"62":2},"FECB2":{"6":2,"7":2,"58":2,"59":2,"60":2},"FECB4":{"6":2,"7":2,"58":2,"59":2,"61":2},"FFCB2":{"7":2,"44":2,"58":2,"59":2,"60":2},"FUFB4":{"7":2,"44":2,"58":2,"59":2,"61":2},"FGEFS":{"6":2,"7":2,"19":2,"58":2},"FIFB2":{"7":2,"20":2,"58":2,"63":2},"FIFL":{"7":2,"58":2,"63":2},"FAGC":{"7":2,"49":2,"64":2,"65":2,"66":2},"FEMC":{"7":2,"17":2,"43":2,"64":2,"65":2},"FTGB":{"7":2,"10":2,"19":2,"64":2,"65":2},"FUOF":{"7":2,"9":2,"64":2,"67":2,"68":2},"GGBI":{"7":2,"15":2,"19":2,"69":2,"70":2},"GGEI":{"6":2,"7":2,"19":2,"69":2,"70":2},"CMFH":{"7":2,"31":2,"71":2,"72":2},"IDICH":{"7":2,"47":2,"71":2,"73":2},"EQTH":{"6":2,"7":2,"59":2,"71":2},"EQTE":{"6":2,"7":2,"59":2,"71":2},"GLOH":{"7":2,"19":2,"20":2,"71":2,"74":2},"IFRC":{"7":2,"19":2,"71":2,"74":2},"ISEC":{"6":2,"7":2,"19":2,"46":2,"71":2},"ISMC":{"7":2,"19":2,"31":2,"46":2,"71":2},"GBFH":{"7":2,"19":2,"20":2,"31":2,"46":2,"71":2},"MANH":{"7":2,"31":2,"71":2},"OPPE":{"7":2,"9":2,"71":2},"IGBM":{"7":2,"16":2,"33":2,"71":2},"IUSM":{"7":2,"16":2,"29":2,"68":2,"71":2},"VALH":{"7":2,"59":2,"71":2,"75":2},"VALE":{"7":2,"59":2,"71":2,"75":2},"KAIB":{"7":2,"10":2,"76":2,"77":2},"KAIE":{"6":2,"7":2,"76":2,"77":2},"MGRF":{"7":2,"78":2},"HLMK":{"7":2,"49":2,"79":2,"80":2},"MIRE":{"7":2,"35":2,"36":2,"63":2,"79":2},"NIFA":{"7":2,"44":2,"47":2,"81":2,"82":2},"NEGC":{"7":2,"19":2,"20":2,"72":2,"81":2,"82":2},"NIGCF":{"7":2,"19":2,"72":2,"81":2,"82":2},"BOEB":{"7":2,"19":2,"20":2,"44":2,"81":2,"82":2},"NGBF":{"7":2,"19":2,"44":2,"81":2,"82":2},"AHGV":{"6":2,"7":2,"19":2,"20":2,"81":2,"82":2},"NIGE":{"6":2,"7":2,"19":2,"81":2,"82":2},"NIOB":{"7":2,"9":2,"81":2,"82":2},"NIPCA":{"7":2,"81":2,"82":2,"83":2},"NISCC":{"7":2,"13":2,"81":2,"82":2},"NIDCB":{"7":2,"73":2,"81":2,"82":2,"84":2},"NICCB":{"7":2,"81":2,"82":2,"84":2,"85":2},"OMGB1":{"6":2,"7":2,"19":2,"86":2,"87":2},"OGEF":{"6":2,"7":2,"18":2,"19":2},"XJEF":{"4":2,"6":2,"7":2,"18":2,"88":2,"89":2,"90":2},"OJEU":{"6":2,"7":2,"18":2,"88":2,"90":2},"OJEF":{"6":2,"7":2,"18":2,"88":2,"90":2},"GBSAI":{"7":2,"10":2,"18":2,"19":2,"88":2},"OSAE":{"5":2,"7":2,"14":2,"18":2,"91":2},"OSAD":{"5":2,"7":2,"14":2,"18":2,"92":2},"PIPF":{"7":2,"24":2,"47":2,"93":2},"PRBCX":{"7":2,"10":2,"94":2},"PRUM":{"7":2,"80":2,"94":2,"95":2},"PEPI":{"5":2,"7":2,"83":2,"94":2,"96":2,"97":2},"PRUO":{"6":2,"7":2,"94":2},"PIPCX":{"7":2,"40":2,"94":2,"98":2},"PBFE":{"7":2,"10":2,"99":2},"PSGO":{"7":2,"44":2,"99":2},"PRGFD":{"7":2,"19":2,"20":2,"24":2,"100":2},"REGC":{"7":2,"19":2,"100":2},"RPFCC":{"7":2,"31":2,"40":2,"101":2},"RVTCC":{"7":2,"75":2,"101":2,"102":2},"SBUC":{"92":2,"103":2,"104":2,"105":2,"106":2},"SBGC":{"103":2,"104":2,"105":2,"106":2,"107":2},"SREC":{"6":2,"19":2,"35":2,"36":2,"103":2,"104":2},"SLIB2":{"7":2,"70":2,"108":2,"109":2},"SWEB2":{"6":2,"7":2,"20":2,"57":2,"70":2,"108":2,"110":2},"SBCF":{"7":2,"10":2,"19":2,"72":2,"111":2},"SGOB":{"7":2,"15":2,"19":2,"111":2},"TRFCC":{"7":2,"26":2,"44":2,"112":2},"VVEF":{"6":2,"7":2,"75":2,"113":2}},"classTotals":{"AGAEX":2,"SMEF":2,"SMSF":2,"AGEF":2,"AGDA":2,"AGBF":2,"AGTBA":2,"AGSF":2,"AGOF":2,"AGBD":2,"AGMF":2,"AGOE":2,"AGGF":2,"AGOO":2,"27SA1":2,"MNTR":2,"ARUSD":2,"AREUD":2,"ARGBD":2,"CGREF":2,"COBA":2,"CORB":2,"CCPF":2,"COLA":2,"CGCG":2,"CGEB":2,"CGCUH":2,"CGEM":2,"CGESP":2,"CGMA":2,"COGM":2,"CGOE":2,"CGSU":2,"CNOG":2,"CSIF":2,"CNTF":2,"CNIG":2,"DCGSF":2,"YEUG":2,"YEMM":2,"YWLDY":2,"FBCB2":2,"FOCB4":2,"FCFB2":2,"FECB2":2,"FECB4":2,"FFCB2":2,"FUFB4":2,"FGEFS":2,"FIFB2":2,"FIFL":2,"FAGC":2,"FEMC":2,"FTGB":2,"FUOF":2,"GGBI":2,"GGEI":2,"CMFH":2,"IDICH":2,"EQTH":2,"EQTE":2,"GLOH":2,"IFRC":2,"ISEC":2,"ISMC":2,"GBFH":2,"MANH":2,"OPPE":2,"IGBM":2,"IUSM":2,"VALH":2,"VALE":2,"KAIB":2,"KAIE":2,"MGRF":2,"HLMK":2,"MIRE":2,"NIFA":2,"NEGC":2,"NIGCF":2,"BOEB":2,"NGBF":2,"AHGV":2,"NIGE":2,"NIOB":2,"NIPCA":2,"NISCC":2,"NIDCB":2,"NICCB":2,"OMGB1":2,"OGEF":2,"XJEF":2,"OJEU":2,"OJEF":2,"GBSAI":2,"OSAE":2,"OSAD":2,"PIPF":2,"PRBCX":2,"PRUM":2,"PEPI":2,"PRUO":2,"PIPCX":2,"PBFE":2,"PSGO":2,"PRGFD":2,"REGC":2,"RPFCC":2,"RVTCC":2,"SBUC":2,"SBGC":2,"SREC":2,"SLIB2":2,"SWEB2":2,"SBCF":2,"SGOB":2,"TRFCC":2,"VVEF":2},"totalExamples":119,"smoothing":1},"docs":[{"label":"AGAEX","text":["allan","grai","africa","ex","sa","equiti","fund"]},{"label":"SMEF","text":["allan","grai","australia","equiti","fund"]},{"label":"SMSF","text":["allan","grai","australia","opportun","fund"]},{"label":"AGEF","text":["allan","grai","equiti","fund"]},{"label":"AGDA","text":["allan","grai","sa","equiti","fund"]},{"label":"AGBF","text":["allan","grai","balanc","fund"]},{"label":"AGTBA","text":["allan","grai","tax","free","balanc","fund"]},{"label":"AGSF","text":["allan","grai","stabl","fund"]},{"label":"AGOF","text":["allan","grai","optim","fund"]},{"label":"AGBD","text":["allan","grai","bond","fund"]},{"label":"AGMF","text":["allan","grai","monei","market","fund"]},{"label":"AGOE","text":["allan","grai","orbi","global","equiti","feeder","fund"]},{"label":"AGGF","text":["allan","grai","orbi","global","fund","fund"]},{"label":"AGOO","text":["allan","grai","orbi","global","optim","fund","fund"]},{"label":"27SA1","text":["27four","shari","ah","balanc","prescient","fund","fund"]},{"label":"MNTR","text":["36one","met","equiti","fund"]},{"label":"ARUSD","text":["ashburton","replica","dollar","asset","manag","fund"]},{"label":"AREUD","text":["ashburton","replica","euro","asset","manag","fund"]},{"label":"ARGBD","text":["ashburton","replica","sterl","asset","manag","fund"]},{"label":"CGREF","text":["catalyst","global","real","estat","ucit","fund"]},{"label":"COBA","text":["coron","balanc","defens","fund"]},{"label":"CORB","text":["coron","balanc","plu","fund"]},{"label":"CCPF","text":["coron","capit","plu","fund"]},{"label":"COLA","text":["coron","global","capit","plu","zar","feeder","fund"]},{"label":"CGCG","text":["coron","global","capit","plu","fund"]},{"label":"CGEB","text":["coron","global","emerg","market","fund"]},{"label":"CGCUH","text":["coron","global","capit","plu","fund"]},{"label":"CGEM","text":["coron","global","emerg","market","flexibl","zar","fund"]},{"label":"CGESP","text":["coron","global","equiti","select","fund"]},{"label":"CGMA","text":["coron","global","manag","fund"]},{"label":"COGM","text":["coron","global","manag","zar","feeder","fund"]},{"label":"CGOE","text":["coron","global","opportun","equiti","fund"]},{"label":"CGSU","text":["coron","global","strateg","incom","fund"]},{"label":"CNOG","text":["coron","optimum","growth","fund"]},{"label":"CSIF","text":["coron","strateg","incom","fund"]},{"label":"CNTF","text":["coron","top","20","fund"]},{"label":"CNIG","text":["coron","global","opportun","equiti","zar","feeder","fund"]},{"label":"DCGSF","text":["dodg","cox","worldwid","global","stock","fund"]},{"label":"YEUG","text":["fidel","fund","european","growth","fund"]},{"label":"YEMM","text":["fidel","fund","emerg","market","fund"]},{"label":"YWLDY","text":["fidel","fund","world","fund"]},{"label":"FBCB2","text":["foord","balanc","fund","class","b2"]},{"label":"FOCB4","text":["foord","balanc","fund","class","b4"]},{"label":"FCFB2","text":["foord","conserv","fund"]},{"label":"FECB2","text":["foord","equiti","fund","class","b2"]},{"label":"FECB4","text":["foord","equiti","fund","class","b4"]},{"label":"FFCB2","text":["foord","flexibl","fund","fund","class","b2"]},{"label":"FUFB4","text":["foord","flexibl","fund","fund","class","b4"]},{"label":"FGEFS","text":["foord","global","equiti","fund"]},{"label":"FIFB2","text":["foord","intern","feeder","fund"]},{"label":"FIFL","text":["foord","intern","fund"]},{"label":"FAGC","text":["ftif","templeton","asian","growth","fund"]},{"label":"FEMC","text":["ftif","templeton","emerg","market","fund"]},{"label":"FTGB","text":["ftif","templeton","global","balanc","fund"]},{"label":"FUOF","text":["ftif","franklin","us","opportun","fund"]},{"label":"GGBI","text":["ginsglob","global","bond","index","fund"]},{"label":"GGEI","text":["ginsglob","global","equiti","index","fund"]},{"label":"CMFH","text":["investec","cautiou","manag","fund"]},{"label":"IDICH","text":["investec","diversifi","incom","fund"]},{"label":"EQTH","text":["investec","equiti","fund","class"]},{"label":"EQTE","text":["investec","equiti","fund","class"]},{"label":"GLOH","text":["investec","global","franchis","feeder","fund"]},{"label":"IFRC","text":["investec","global","franchis","fund"]},{"label":"ISEC","text":["investec","global","strateg","equiti","fund"]},{"label":"ISMC","text":["investec","global","strateg","manag","fund"]},{"label":"GBFH","text":["investec","global","strateg","manag","feeder","fund"]},{"label":"MANH","text":["investec","manag","fund"]},{"label":"OPPE","text":["investec","opportun","fund"]},{"label":"IGBM","text":["investec","sterl","monei","fund"]},{"label":"IUSM","text":["investec","us","dollar","monei","fund"]},{"label":"VALH","text":["investec","valu","fund","class"]},{"label":"VALE","text":["investec","valu","fund","class"]},{"label":"KAIB","text":["kagiso","islam","balanc","fund"]},{"label":"KAIE","text":["kagiso","islam","equiti","fund"]},{"label":"MGRF","text":["recoveri","fund"]},{"label":"HLMK","text":["marriott","dividend","growth","fund"]},{"label":"MIRE","text":["marriott","intern","real","estat","fund"]},{"label":"NIFA","text":["nedgroup","invest","flexibl","incom","fund"]},{"label":"NEGC","text":["nedgroup","invest","global","cautiou","feeder","fund"]},{"label":"NIGCF","text":["nedgroup","invest","global","cautiou","fund"]},{"label":"BOEB","text":["nedgroup","invest","global","flexibl","feeder","fund"]},{"label":"NGBF","text":["nedgroup","invest","global","flexibl","fund"]},{"label":"AHGV","text":["nedgroup","invest","global","equiti","feeder","fund"]},{"label":"NIGE","text":["nedgroup","invest","global","equiti","fund"]},{"label":"NIOB","text":["nedgroup","invest","opportun","fund"]},{"label":"NIPCA","text":["nedgroup","invest","properti","fund"]},{"label":"NISCC","text":["nedgroup","invest","stabl","fund"]},{"label":"NIDCB","text":["nedgroup","invest","core","diversifi","fund"]},{"label":"NICCB","text":["nedgroup","invest","core","guard","fund"]},{"label":"OMGB1","text":["old","mutual","global","equiti","fund"]},{"label":"OGEF","text":["orbi","global","equiti","fund"]},{"label":"XJEF","text":["orbi","sicav","asia","ex","japan","equiti","fund"]},{"label":"OJEU","text":["orbi","sicav","japan","equiti","fund"]},{"label":"OJEF","text":["orbi","sicav","japan","equiti","fund"]},{"label":"GBSAI","text":["orbi","sicav","global","balanc","fund"]},{"label":"OSAE","text":["orbi","optim","sa","fund","eur"]},{"label":"OSAD","text":["orbi","optim","sa","fund","usd"]},{"label":"PIPF","text":["prescient","incom","provid","fund"]},{"label":"PRBCX","text":["prudenti","balanc","fund"]},{"label":"PRUM","text":["prudenti","dividend","maximis","fund"]},{"label":"PEPI","text":["prudenti","enhanc","sa","properti","tracker","fund"]},{"label":"PRUO","text":["prudenti","equiti","fund"]},{"label":"PIPCX","text":["prudenti","inflat","plu","fund"]},{"label":"PBFE","text":["psg","balanc","fund"]},{"label":"PSGO","text":["psg","flexibl","fund"]},{"label":"PRGFD","text":["prescient","recm","global","feeder","fund"]},{"label":"REGC","text":["recm","global","fund"]},{"label":"RPFCC","text":["rezco","manag","plu","fund"]},{"label":"RVTCC","text":["rezco","valu","trend","fund"]},{"label":"SBUC","text":["sarasin","ie","globalsar","dynam","usd"]},{"label":"SBGC","text":["sarasin","ie","globalsar","dynam","gbp"]},{"label":"SREC","text":["sarasin","ie","real","estat","equiti","global"]},{"label":"SLIB2","text":["satrix","alsi","index","fund"]},{"label":"SWEB2","text":["satrix","msci","world","equiti","index","feeder","fund"]},{"label":"SBCF","text":["stanlib","global","balanc","cautiou","fund"]},{"label":"SGOB","text":["stanlib","global","bond","fund"]},{"label":"TRFCC","text":["truffl","met","flexibl","fund"]},{"label":"VVEF","text":["vulcan","valu","equiti","fund"]}],"features":{"20":1,"allan":14,"grai":14,"africa":1,"ex":2,"sa":5,"equiti":28,"fund":123,"australia":2,"opportun":6,"balanc":13,"tax":1,"free":1,"stabl":2,"optim":4,"bond":3,"monei":3,"market":5,"orbi":10,"global":39,"feeder":12,"27four":1,"shari":1,"ah":1,"prescient":3,"36one":1,"met":2,"ashburton":3,"replica":3,"dollar":2,"asset":3,"manag":10,"euro":1,"sterl":2,"catalyst":1,"real":3,"estat":3,"ucit":1,"coron":17,"defens":1,"plu":7,"capit":4,"zar":4,"emerg":4,"flexibl":8,"select":1,"strateg":5,"incom":5,"optimum":1,"growth":4,"top":1,"dodg":1,"cox":1,"worldwid":1,"stock":1,"fidel":3,"european":1,"world":2,"foord":10,"class":10,"b2":3,"b4":3,"conserv":1,"intern":3,"ftif":4,"templeton":3,"asian":1,"franklin":1,"us":2,"ginsglob":2,"index":4,"investec":15,"cautiou":4,"diversifi":2,"franchis":2,"valu":4,"kagiso":2,"islam":2,"recoveri":1,"marriott":2,"dividend":2,"nedgroup":12,"invest":12,"properti":2,"core":2,"guard":1,"old":1,"mutual":1,"sicav":4,"asia":1,"japan":3,"eur":1,"usd":2,"provid":1,"prudenti":5,"maximis":1,"enhanc":1,"tracker":1,"inflat":1,"psg":2,"recm":2,"rezco":2,"trend":1,"sarasin":3,"ie":3,"globalsar":2,"dynam":2,"gbp":1,"satrix":2,"alsi":1,"msci":1,"stanlib":2,"truffl":1,"vulcan":1},"stemmer":{},"lastAdded":118,"events":{"domain":null,"_events":{},"_eventsCount":0}}